{
    "accuracy": 0.988898836168308,
    "report": {
        "ham": {
            "precision": 0.9981203007518797,
            "recall": 0.9890314569536424,
            "f1-score": 0.9935550935550935,
            "support": 4832.0
        },
        "spam": {
            "precision": 0.9335006273525721,
            "recall": 0.9880478087649402,
            "f1-score": 0.96,
            "support": 753.0
        },
        "accuracy": 0.988898836168308,
        "macro avg": {
            "precision": 0.9658104640522259,
            "recall": 0.9885396328592913,
            "f1-score": 0.9767775467775468,
            "support": 5585.0
        },
        "weighted avg": {
            "precision": 0.9894079258065479,
            "recall": 0.988898836168308,
            "f1-score": 0.9890310137973523,
            "support": 5585.0
        }
    },
    "confusion_matrix": [
        [
            4779,
            53
        ],
        [
            9,
            744
        ]
    ]
}